{ "height":10,
 "layers":[
        {
         "data":[3, 3, 3, 3, 3, 3, 3, 3, 3, 3, 4, 4, 4, 2, 2, 2, 2, 2, 2, 3, 3, 2, 4, 4, 1, 4, 2, 2, 2, 3, 3, 2, 2, 2, 2, 4, 4, 4, 2, 3, 3, 2, 2, 2, 2, 2, 2, 1, 2, 3, 3, 3, 1, 3, 2, 2, 2, 4, 4, 3, 3, 2, 2, 3, 2, 3, 2, 2, 4, 4, 3, 2, 2, 3, 2, 3, 2, 2, 2, 3, 3, 3, 3, 3, 3, 3, 2, 2, 2, 3, 3, 3, 3, 3, 3, 3, 3, 3, 3, 3],
         "height":10,
         "name":"Tile Layer 1",
         "opacity":1,
         "type":"tilelayer",
         "visible":true,
         "width":10,
         "x":0,
         "y":0
        }],
 "orientation":"orthogonal",
 "properties":
    {

    },
 "renderorder":"right-down",
 "tileheight":64,
 "tilesets":[
        {
         "firstgid":1,
         "image":"..\/tilesets\/example1.png",
         "imageheight":130,
         "imagewidth":128,
         "margin":0,
         "name":"example",
         "properties":
            {

            },
         "spacing":0,
         "tileheight":64,
         "tileproperties":
            {
             "2":
                {
                 "solid":"true"
                }
            },
         "tilewidth":64
        }],
 "tilewidth":64,
 "version":1,
 "width":10
}